,Tanggal,Main steam flow (t/h),Main steam temperature (boiler side) (℃),Main steam pressure (boiler side) (Mpa),Reheat steam temperature (boiler side) (℃),Superheater desuperheating water flow (t/h),Reheater desuperheating water flow (t/h),Feedwater temperature (℃),Feedwater flow (t/h),Flue gas temperature (℃),Boiler oxygen level (%),Main steam temperature (turbine side) (℃),Main steam pressure (turbine side) (MPa),Reheat steam temperature (turbine side) (℃),Reheat steam pressure (turbine side) (MPa),Control stage pressure (Mpa),High exhaust pressure (Mpa),Feedwater pressure (MPa),Condenser vacuum (kPa),Circulating water outlet temperature (℃),SO2 (mg/m3),Nox (mg/m3),CO (mg/m3),CO2 (ppm),O2 (%),Velocity (m/s),Temp. (°C),Pressure (Kpa),Flow rate (KNm3/h),Opacity (%),Dust (mg/m3),Boiler Eff (%),Entalphy inlet MS (kj/kg),Entropi Inlet MS (Kj/Kg (Deg C)),Cold Reheat Pressure (Mpa),Cold Reheat Temperature (°C),Entalphy Cold Reheat (kj/kg),Entalphy Isentropis Cold Reheat (kj/kg),ΔP aktual (Kj/Kg),ΔHP isentropis (Kj/Kg),HP Turbine eff (%),O2 in APH (%),O2 Out APH (%),Refference Temperature (°C),Flue Gas in Temperature (°C),APH Leakage (%),Corrected Flue Gas Out Temperature (°C),APH Effectiveness (%),Coal Flow (t/h),Energy Input From Boiler (Kcal/h),NTHR (Kcal/Kwh),NPHR (Kcal/Kwh),Gross Load (MW),Nett Load (MW),HHV (Kcal/Kg)
1,2024-01-01 00:00:00,829.8957672,566.8405495,14.45960492,565.4748154,90.97603226,2.016360402,230.4819886,837.2816925,125.732829,4.514952203,564.3882408,14.37663082,565.4748154,1.963298688,10.37758088,2.190785761,15.68177489,-92.34019942,35.93567117,456.6054929,167.7344205,-6.699968452,95354.41292,6.527947209,12.09212053,99.87041209,-0.257799252,465.3410743,49.699118,19.73234765,93.51,3501.09217,6.59935872,2.19,317.32,3059.177529,2951.716118,441.9146406,549.376052,80.439371,4.568333333,5.115,31,356.55,3.116883117,128.6855406,69.99369049,169.409,721343522,2587.779451,2767.382581,294.35,278.75,4258
2,2024-01-02 00:00:00,836.9359156,566.8817355,14.38286204,564.1555837,86.84487597,6.940146552,230.7746814,839.5993856,128.3023612,4.398094942,564.4669863,14.29485404,564.1555837,1.980802397,10.45286266,2.209205096,15.62280452,-92.33965323,35.98553077,444.4847924,198.1332414,-6.058345524,94778.1186,6.452621734,12.07682453,89.5815164,-0.233016559,464.7524383,49.69784955,20.29834466,93.49,3501.953177,6.602637147,2.22,318.22,3060.483726,2956.700407,441.4694508,545.2527697,80.9660171,4.568333333,5.115,33,356.55,3.116883117,131.2728244,69.62669622,167.379,712699782,2528.380098,2704.439082,297.41,281.88,4258
3,2024-01-03 00:00:00,828.6342697,567.2916463,14.59851105,565.3441315,82.29041227,2.826383391,230.4063444,838.6758347,126.8139257,4.545359711,565.1301638,14.51632098,565.3441315,1.960414469,10.3850776,2.187680264,15.83237998,-92.28474898,36.17396744,454.7843335,207.3094608,-2.773780943,98286.30989,6.559135807,12.11334524,90.15624782,-0.236096708,466.157865,49.69779661,16.58026903,93.5,3500.927098,6.595116202,2.19,317.46,3059.500908,2949.404492,441.4261903,551.5226065,80.03773284,4.558333333,5.175,31,358.4116667,3.529411765,130.1955937,69.70309741,164.882,702067556,2522.247372,2697.590772,294.11,278.35,4258
4,2024-01-04 00:00:00,830.7009201,566.7778969,14.67229741,564.9145788,66.46162113,4.887414377,230.4035082,833.8930384,125.7036646,4.357048581,564.4625155,14.59546538,564.9145788,1.965160459,10.31723535,2.192731465,15.91666261,-92.43608199,35.70882614,470.0481531,208.8891195,0.000414651,98038.11991,6.637863059,12.04851608,93.23961317,-0.247645296,463.6630442,49.70683637,11.81029386,93.45,3498.838651,6.590498398,2.19,317.24,3058.99272,2946.892855,439.8459306,551.9457959,79.69005902,4.478333333,5.18,29,365.73,4.017175573,129.5884206,70.12787081,163.784,697392272,2508.605295,2684.435843,294.01,278,4258
5,2024-01-05 00:00:00,840.8367564,566.1648013,14.71866508,564.7015152,85.22766622,1.688370806,230.9211493,846.4584452,123.7950181,4.378292779,563.7966626,14.63237647,564.7015152,1.989363511,10.47472306,2.219055682,15.95258542,-92.39887783,35.78258657,446.7342817,210.2775952,0,98310.81629,6.537820975,12.15515589,90.45568756,-0.235333195,467.766864,49.69736276,7.745025136,93.7,3496.751873,6.586679562,2.22,316.53,3056.571453,2947.987199,440.1804202,548.7646742,80.21296577,4.388333333,5.135,34,356.2416667,4.262607041,127.6226269,70.94645524,170.533,726129514,2582.803991,2756.461036,297.75,281.14,4258
6,2024-01-06 00:00:00,829.4074173,566.6096306,14.4370619,564.8930232,86.99879201,3.332351181,230.308945,833.3025513,121.4385694,4.497441888,564.0615667,14.35059273,564.8930232,1.963222379,10.32098397,2.190381363,15.64613044,-92.4832209,35.67344483,443.1883531,221.6557261,0,97392.54192,6.747018265,11.87176205,84.85993872,-0.226867669,456.861019,49.70893544,6.244267446,93.7,3500.701463,6.599554061,2.19,317.5,3059.593293,2951.822648,441.1081694,548.8788144,80.36531159,4.546666667,5.215,31,353.7816667,3.834874084,124.9067746,70.90702963,164.206,694755586,2505.70053,2674.173458,293.67,277.27,4231
7,2024-01-07 00:00:00,844.0603434,566.5800769,14.64737016,565.1830622,75.63145844,6.89526479,230.9778223,845.7632726,122.2400471,4.552922825,564.1716461,14.56771052,565.1830622,1.997726212,10.46376427,2.228036453,15.90541708,-92.44631465,35.700207,456.6169509,223.8477922,0,97555.9546,6.738000331,12.10933395,85.15081146,-0.226594519,466.0034983,49.70914761,7.495971942,93.7,3498.557862,6.590882906,2.22,317.82,3059.558372,2950.27691,438.9994901,548.2809522,80.06834605,4.58,5.24,33, 359.24 ,3.793103448,125.6250144,71.60846579,167.821,710050651,2521.75534,2691.307726,298,281.57,4231
8,2024-01-08 00:00:00,831.4828491,566.1755206,14.35896007,565.4022649,93.89578327,2.527581703,230.423365,836.965833,122.1070276,4.49760135,563.9165789,14.27345161,565.4022649,1.968380402,10.37217315,2.195257083,15.60619418,-92.49744373,35.72255063,441.7856312,239.6301246,0,96951.2292,6.805603439,11.9859027,84.21493553,-0.223992191,461.2534936,49.70826284,6.861392718,93.7,3500.318505,6.601394784,2.2,318.13,3060.79061,2953.895029,439.5278953,546.4234756,80.43722771,4.55,5.225,31,354.335,3.875598086,125.6379699,70.73067566,166.843,705912733,2534.604621,2705.02094,295.05,278.51,4231
9,2024-01-09 00:00:00,846.2200775,565.4273707,14.75221146,564.7937317,88.50114123,4.683953551,231.1327791,846.6643143,122.0794054,4.459121068,563.1379967,14.67094727,564.7937317,2.002731626,10.50359368,2.233591224,15.99534281,-92.32839394,36.09454584,461.1203413,226.035565,0,96682.09153,6.73276856,11.87243535,76.96329465,-0.200458696,456.8869298,49.708839,6.39189758,93.73,3494.457316,6.582982962,2.23,316.73,3056.774636,2947.023225,437.68268,547.4340909,79.95166675,4.421666667,5.2,32,352.9033333,4.461783439,126.0985534,70.67697852,170.343,723617064,2561.929772,2733.308195,299.27,282.45,4248
10,2024-01-10 00:00:00,833.6745377,565.7924754,14.42890777,564.3864797,75.31858524,6.079522657,230.3628435,836.9890162,123.2727664,4.495903532,563.3912468,14.34704487,564.3864797,1.973141655,10.35780934,2.200323522,15.69389447,-92.47919734,35.72252878,443.6600375,232.0724615,-0.181409939,96160.95196,6.841827451,11.84633758,81.91467669,-0.218318547,455.8826092,49.70634777,7.629496027,93.6,3498.616351,6.59730901,2.2,317.61,3059.589208,2951.664567,439.0271429,546.9517844,80.2679789,4.53,5.335,32,357.9466667,4.654673948,127.5212161,70.69421906,167.85,713026800,2561.803614,2736.969674,295.08,278.33,4248
11,2024-01-11 00:00:00,844.3481064,565.2653198,14.95692858,563.5389964,75.40590159,2.17137559,231.1082945,852.4999898,121.7982889,4.458749115,562.9858348,14.87999618,563.5389964,1.997771993,10.52296507,2.228410328,16.22661471,-92.29840877,36.06419826,416.5299904,222.1089488,2.455394416,97863.293,6.708308516,12.17110097,86.28489476,-0.229082616,468.3804786,49.68104497,7.433037459,93.71,3491.998547,6.574235559,2.23,316.06,3055.220854,2942.272585,436.7776931,549.7259623,79.45371387,4.398333333,5.225,32,356.2333333,4.746411483,126.0604852,70.98987812,169.458,714265470,2529.985371,2699.802979,298.77,282.32,4215
12,2024-01-12 00:00:00,831.9915212,565.5427589,14.49559497,563.9103444,87.83743636,5.211747154,230.3713586,840.0373789,122.4723207,4.593955636,563.2766876,14.41228294,563.9103444,1.969204471,10.38401898,2.196615229,15.74539439,-92.53875393,35.52611828,453.0334215,227.5511502,4.112266925,96593.26961,6.604682117,12.3291436,88.90525552,-0.236531245,474.462433,49.70690555,7.816695927,93.63,3497.297292,6.593785513,2.2,316.87,3057.878407,2949.743998,439.4188854,547.5532945,80.25134536,4.58,5.36,32,354.3633333,4.517374517,126.5592943,70.66685801,170.261,717650115,2575.361067,2750.572538,295.05,278.66,4215
13,2024-01-13 00:00:00,835.9795787,565.8443769,14.32435269,564.1949336,82.38619963,2.074434989,230.6159045,842.2282817,122.4382845,4.571665426,563.5773938,14.23711268,564.1949336,1.978086039,10.44550888,2.207671419,15.62022138,-92.53425031,35.49799959,430.3010742,218.4473663,6.572817131,96116.41928,6.608277391,11.69358797,76.01771669,-0.198908186,450.0043458,49.7127323,6.699233901,93.65,3499.782144,6.601777567,2.21,317.8,3059.770267,2955.168767,440.0118765,544.6133765,80.79343908,4.521666667,5.235,31,357.0866667,4.098308331,126.1857073,70.80969049,167.362,705430830,2516.160758,2686.770697,296.81,280.36,4215
14,2024-01-14 00:00:00,828.5819143,565.3619817,14.17949784,564.2038701,88.00779406,2.213885945,230.1774979,836.2655512,121.9715916,4.591310581,563.1209755,14.09370255,564.2038701,1.960155035,10.36728021,2.18760396,15.45582787,-92.41815069,35.82150491,444.5014911,226.7390154,9.143195726,96260.04627,6.617464699,12.23424635,91.12254181,-0.237378993,470.8105023,49.70202315,6.798822385,93.67,3499.931099,6.606261365,2.19,317.83,3060.355328,2955.485621,439.5757712,544.445478,80.73825368,4.598333333,5.36,31,356.3583333,4.411196911,125.9845277,70.80617954,166.992,712888848,2568.968822,2742.573739,293.83,277.5,4269
15,2024-01-15 00:00:00,836.2615331,566.9649366,14.33698319,564.2835744,92.38147974,5.506435103,230.5146894,843.0771866,123.2754171,4.380193204,564.3721072,14.25273546,564.2835744,1.978162348,10.43681053,2.2075951,15.60210133,-92.34721957,35.96459897,456.5903461,244.4551353,11.90143265,97404.12526,6.451338216,12.20832491,88.1026399,-0.234673474,469.8129676,49.70519385,6.175408898,93.69,3502.622443,6.604787312,2.21,318.21,3060.718081,2956.816147,441.9043617,545.8062966,80.96358809,4.386666667,5.085,32,340.315,3.974075245,126.9027708,69.21889275,170.819,729226311,2602.613623,2777.899053,296.53,280.19,4269
16,2024-01-16 00:00:00,829.1022237,566.1441905,14.43632878,564.6567383,98.86162186,3.095941323,230.1131945,835.0455526,121.4263159,4.400223374,563.7187831,14.35683072,564.6567383,1.962352564,10.34705055,2.189274987,15.66961519,-92.19578674,36.4123977,445.6454778,244.4311191,15.59763246,96859.83719,6.552925864,12.01564102,84.99581456,-0.223002777,462.3979132,49.7047464,5.156229757,93.74,3499.475473,6.598115223,2.19,317.56,3059.731864,2951.038164,439.7436089,548.4373094,80.18119872,4.395,5.115,33,352.7866667,4.10516313,125.0563604,71.21319617,168.504,717658536,2594.290337,2767.538231,293,276.63,4259
17,2024-01-17 00:00:00,837.3108953,566.2730751,14.63913263,565.6483866,96.93500169,2.264589781,230.6054707,844.1105652,122.7279229,4.587647319,563.9863879,14.55906912,565.6483866,1.981992712,10.44679646,2.21084558,15.88701864,-92.4125381,35.79766146,445.2606465,253.8568823,19.85433431,96384.30085,6.618713003,12.19530344,83.21382329,-0.22433615,469.3118625,49.71456058,5.689214844,93.64,3497.822996,6.590245442,2.21,317.31,3058.636984,2948.87512,439.1860119,548.9478755,80.00504812,4.556666667,5.065,32,352.3266667,2.889169561,125.3492064,70.858122,171.422,730086298,2605.12506,2782.064353,296.85,280.25,4259
18,2024-01-18 00:00:00,832.1949921,565.8157272,14.51695189,564.9538803,92.74304867,7.17128221,230.1150853,833.6811371,122.7779992,4.452627023,563.4100304,14.43952306,564.9538803,1.969967489,10.33105588,2.1970349,15.75485202,-92.37563149,35.85401917,454.9658648,215.9108914,24.31225963,97210.65196,6.544120319,11.99239754,87.06432096,-0.229032684,461.5034345,49.71231685,5.286003863,93.63,3497.811237,6.59377547,2.2,317.45,3059.219417,2949.738527,438.5918197,548.0727092,80.02438587,4.493333333,5.285,32,356.38,4.562920269,126.9201269,70.73798418,170.277,719250048,2586.858179,2762.851841,294.08,278.04,4224
19,2024-01-19 00:00:00,839.9560293,566.024264,14.83689374,564.1242396,85.14080064,4.127110322,230.5826546,844.3378474,120.4598227,4.573577801,563.8279775,14.76170842,564.1242396,1.987913758,10.44920003,2.216881072,16.08562593,-92.64028327,35.16431514,465.7563316,222.0665778,29.41549725,97465.32586,6.58089663,12.28352595,89.79572878,-0.241140936,472.706929,49.71160441,3.625831358,93.7,3495.211648,6.581465621,2.2,316.73,3057.554593,2943.050012,437.6570549,552.1616362,79.26248878,4.646666667,5.29,28,353.6166667,3.709160794,123.8893062,70.55147478,171.5,724416000,2572.5,2745.464248,297.93,281.6,4224
20,2024-01-20 00:00:00,843.6504898,566.4404437,14.39512305,565.2519124,87.38469537,3.532747409,230.7106447,851.6256383,121.4160647,4.544917226,563.9890683,14.30778734,565.2519124,1.996490091,10.51729957,2.227082665,15.68622533,-92.49318854,35.49374096,467.4993795,230.0757194,34.93686364,97999.58159,6.5008772,11.9093046,81.22776452,-0.211212643,458.3057688,49.71033676,3.327773973,93.72,3500.664854,6.600742211,2.22,318.21,3060.460597,2955.662801,440.204257,545.0020531,80.77111902,4.565,5.205,33,356.11,3.669958586,124.6608977,71.63167414,171.773,730035250,2589.236567,2762.736414,298.44,281.95,4250
21,2024-01-21 00:00:00,842.6680069,565.762043,14.35365508,564.5063934,89.55936797,7.994768602,230.6298984,845.2684097,121.2811705,4.712062617,563.594396,14.26858719,564.5063934,1.994658872,10.47932986,2.224999617,15.62554634,-92.32286374,35.87230937,467.6753882,232.0269171,40.67765784,97468.37214,6.561899248,11.84187307,79.02242628,-0.200767947,455.7108012,49.70824297,3.26132226,93.77,3499.276105,6.600309006,2.23,318.71,3061.359931,2956.482037,437.916174,542.7940681,80.67814293,4.713333333,5.23,33,358.3833333,2.967453733,123.9008734,72.0634513,171.493,728845250,2588.045061,2759.9926,297.96,281.62,4250
22,2024-01-22 00:00:00,838.1567408,565.9410756,14.25359425,564.2728322,86.50951672,1.818603556,230.4853891,845.5793076,121.9075617,4.559297125,563.6105258,14.16392008,564.2728322,1.98301516,10.51383722,2.211761206,15.55878747,-92.14758894,36.37192655,432.5561981,238.7267133,46.95259792,98816.04906,6.477834308,12.22750305,95.32716671,-0.241253872,470.5510001,49.69463215,4.558836926,93.79,3500.733038,6.605008671,2.21,318.06,3060.371367,2956.937386,440.3616715,543.7956523,80.97925566,4.508333333,5.125,33,350.47,3.51822504,125.0355298,71.00969233,172.013,731055250,2606.629288,2779.218773,296.6,280.46,4250
23,2024-01-23 00:00:00,840.2321625,565.8703397,14.27152968,563.7045364,88.25642776,2.781899079,230.5987752,845.2686412,121.5326845,4.225415975,563.528169,14.18080159,563.7045364,1.988890429,10.5256261,2.218498677,15.57551714,-92.34541496,35.83472292,482.3709633,235.6289857,53.50436736,99874.14459,6.224037243,11.94414231,89.88463218,-0.222829585,459.6464284,49.68975267,7.222897386,93.86,3500.36989,6.60404305,2.22,317.87,3059.674062,2957.470747,440.6958283,542.8991432,81.17453009,4.308333333,4.885,34,353.0066667,3.240711833,124.3693666,71.67163698,170.656,722557504,2568.088939,2736.08453,297.78,281.36,4234
24,2024-01-24 00:00:00,835.6976318,565.6680857,14.1188784,563.8709793,84.87928327,6.418334877,230.2756408,838.865392,123.9785342,4.500200242,563.3948326,14.03092539,563.8709793,1.977857143,10.45560924,2.206305603,15.43321705,-92.17499102,36.35819467,456.9446729,236.3555365,60.50803052,98925.28278,6.377670611,12.10533693,96.30062138,-0.244688846,465.849681,49.690981,11.24906853,93.74,3501.334845,6.609751451,2.2,318.47,3061.575795,2958.468475,439.7590501,542.8663699,81.00686918,4.446666667,4.97,32,355.4633333,2.956685499,126.6980502,70.72371411,167.119,707581846,2540.323997,2709.967993,294.92,278.54,4234
25,2024-01-25 00:00:00,838.9590149,566.8271192,14.35213506,564.7095668,93.69450092,4.718139756,230.4901307,840.8624954,121.8024056,4.546606014,564.4750328,14.27070475,564.7095668,1.985838324,10.48121818,2.214614913,15.63711003,-92.1178022,36.4578925,432.7621714,229.6731081,67.84538101,98987.85791,6.375626037,12.01800884,97.21962488,-0.247150043,462.4890343,49.6904392,11.28241334,93.79,3502.109601,6.603729301,2.22,318.61,3061.385576,2957.298796,440.7240249,544.8108051,80.89487595,4.571666667,4.99,31,353.9916667,2.366436204,123.9511866,71.22180037,173.565,742858200,2650.509152,2826.004,296.58,280.27,4280
26,2024-01-26 00:00:00,840.0374095,566.0788879,14.39598732,565.1033554,85.80052153,5.065155214,230.4201406,840.1372579,122.6438632,4.512655358,563.7035777,14.31265167,565.1033554,1.987578024,10.47449414,2.217285484,15.6822118,-92.14146254,36.38277364,457.2172603,209.3932977,75.31776175,98863.60797,6.403897808,11.97583263,97.5350049,-0.249629609,460.865967,49.68943847,12.54277401,93.73,3499.698925,6.599566067,2.22,317.85,3059.627787,2955.01918,440.0711383,544.6797448,80.79447465,4.458333333,5.07,31,354.58,3.477574226,125.8308466,70.69322994,169.595,725866600,2590.530335,2763.821973,296.48,280.2,4280
27,2024-01-27 00:00:00,830.9625448,566.1791,14.12408805,565.3485921,79.76558701,2.227942319,229.9656579,832.0178045,121.0267553,4.645080308,563.8852539,14.03825005,565.3485921,1.965999787,10.38891176,2.19379206,15.43337635,-92.23770989,36.23173388,454.1221627,220.3119478,81.39234456,98082.19666,6.54556497,12.06408436,95.56038108,-0.251385838,464.2621586,49.7011078,8.644759565,93.71,3502.631788,6.611140678,2.19,318.63,3062.20162,2958.156538,440.430168,544.4752505,80.89075998,4.555,5.16,31,353.435,3.459339263,124.1410862,71.11322091,168.919,714358451,2574.264688,2747.054411,294.08,277.5,4229
28,2024-01-28 00:00:00,842.4238485,566.0564753,14.37460654,564.5296682,83.47627179,2.293412765,230.5135924,840.2766215,122.3350718,4.427381376,563.7429441,14.28970365,564.5296682,1.993483797,10.50505308,2.223794063,15.672635,-92.2484888,36.13496447,481.688577,217.5539975,90.04577569,98879.93287,6.382501791,11.99717904,88.63792011,-0.233450722,461.6874409,49.70474987,9.466731411,93.76,3499.849669,6.600374983,2.22,318.46,3061.038754,2955.46181,438.8109154,544.3878595,80.60630077,4.43,4.995,33,353.185,3.197107828,125.1912104,71.20689276,170.978,723065962,2569.804748,2740.832709,297.94,281.37,4229
29,2024-01-29 00:00:00,835.8051987,566.4861463,14.52262054,565.1266123,85.92549451,4.276149131,230.1442118,831.682017,121.9710292,4.619325519,564.1743431,14.44398665,565.1266123,1.977689271,10.43228964,2.205954646,15.79586128,-92.23827277,36.22307976,456.3431353,209.3948743,104.4562233,97680.82953,6.57247934,12.06221448,89.13296131,-0.23366876,464.1901999,49.70684205,8.614127957,93.7,3499.534279,6.595663261,2.2,317.28,3058.826446,2950.767172,440.7078327,548.7671065,80.30871885,4.555,5.15,32,353.2883333,3.4,125.0300442,71.0446865,169.341,716143089,2571.521739,2744.420212,295.28,278.49,4229
30,2024-01-30 00:00:00,837.802124,566.4673246,14.30354414,565.4640223,84.64883836,3.070186747,230.3293943,838.1497472,122.1323897,4.598885536,564.0391947,14.2200017,565.4640223,1.982664168,10.50167672,2.211684903,15.60849917,-92.41315042,35.81280661,476.8402139,206.8102208,117.5621395,97736.18073,6.587559595,12.11038561,89.50666419,-0.238034667,466.0439695,49.70805912,7.859112816,93.67,3501.634166,6.604599994,2.21,318.07,3060.394483,2956.71356,441.2396833,544.9206064,80.97320567,4.608333333,5.2,31,354.7866667,3.391719745,125.223345,70.89955991,168.904,714295016,2549.32373,2721.601079,296.66,280.19,4229
31,2024-01-31 00:00:00,830.916036,566.7331403,14.18508894,564.5906143,84.06733068,3.119485013,229.9164756,828.595787,121.6106812,4.653139532,564.2611351,14.09776592,564.5906143,1.965618283,10.40413404,2.19334952,15.4804254,-92.38074801,35.94932063,474.469949,223.9270883,130.3683793,98143.55775,6.576324429,12.00045428,89.92469066,-0.234112225,461.813482,49.70904099,6.661453241,93.72,3503.496284,6.610342556,2.19,318.43,3061.740188,2957.719288,441.7560963,545.7769955,80.94076883,4.738333333,5.14,34,354.34,2.293781726,123.620279,72.02338796,169.737,717817773,2585.705749,2758.969002,294.16,277.61,4229
32,,,,,,,,,,,,,,,,,,,,,,,,,,,,,,,,,,,,,,,,,,,,,,,,,,,,,,,
33,2024-02-01 00:00:00,840.7960892,567.0607389,14.20747107,565.5240275,92.15067069,2.733247673,230.5845296,837.3589478,122.6788102,4.290249993,564.5206922,14.11567775,565.5240275,1.989851822,10.52865907,2.219780535,15.50557892,-92.29966699,36.09093205,431.3953517,194.0566738,143.7493179,100078.1736,6.307072883,11.62316865,95.99041088,-0.24887632,447.2943992,49.70655824,7.845756904,93.74,3504.142006,6.610442612,2.22,319.13,3062.587481,2960.982812,441.5545258,543.1591942,81.29375891,4.301666667,4.86,33,353.8733333,3.132793017,125.4882617,71.1760835,172.352,731511587.6,2598.897174,2772.452714,298.07,281.47,4244.288361
34,2024-02-02 00:00:00,830.6021118,566.8593292,13.95702395,565.76209,89.92591317,3.018426047,229.9183636,824.1924591,121.5254198,4.493618667,564.5135218,13.86731454,565.76209,1.965297798,10.38284584,2.19222787,15.25686268,-92.34349431,36.0014135,440.484406,202.7105832,158.429887,98183.75152,6.545349086,11.9117006,95.30320067,-0.247417687,458.3979743,49.70656647,7.394806851,93.74,3506.056683,6.620269881,2.19,319.6,3064.438258,2963.168038,441.6184247,542.888645,81.34604192,4.511666667,5.075,32,354.0083333,3.203791469,124.3936276,71.30706941,171.788,729117809,2629.441411,2805.036709,293.94,277.29,4244.288361
35,2024-02-03 00:00:00,841.4442724,566.8709577,14.31268183,565.0317942,88.40866264,3.572924099,230.5116828,837.3483734,121.4380266,4.446753343,564.4696693,14.22795618,565.0317942,1.991301581,10.50390863,2.22164995,15.62097665,-92.29782958,36.03457634,451.964557,191.9893097,173.2175444,98630.40629,6.440359969,11.95567211,88.19727751,-0.231223317,460.0901298,49.70597524,7.750685119,93.79,3502.611805,6.605493491,2.22,319,3062.287065,2958.26595,440.3247408,544.3458553,80.89062065,4.413333333,4.965,30,354.2616667,3.115782868,124.287037,70.92254599,169.215,718197255,2552.047669,2721.02321,298,281.42,4244.288361
36,2024-02-04 00:00:00,838.5724131,566.5406952,14.33321006,565.7110596,80.61773014,2.478722393,230.3180078,833.234553,120.5081127,4.606559912,564.2495028,14.24895839,565.7110596,1.983610307,10.47855715,2.213287229,15.64279222,-92.28604052,36.08087921,435.7762191,207.6726123,186.8752272,97475.82752,6.611367771,11.89733839,84.57556115,-0.220003849,457.8452734,49.70753828,8.479269234,93.79,3501.537386,6.603606942,2.2,318.85,3062.453034,2955.1042,439.0843521,546.4331855,80.35462775,4.58,5.075,32,352.105,2.815165877,122.9997629,71.57190205,167.425,710599978.8,2547.227225,2715.883596,295.46,278.97,4244.288361
37,2024-02-05 00:00:00,845.5544001,566.7465655,14.48236245,565.7442271,78.22509432,3.736667242,230.741292,831.3362401,116.3540967,4.388687054,564.4732475,14.39654569,565.7442271,2.001861771,10.51795777,2.232538258,15.77317103,-92.33822865,35.98551536,474.8229074,204.9546141,199.4408571,97424.26045,6.576396174,11.90416082,85.55712671,-0.226948993,458.1078209,49.70823591,9.042943864,94,3500.619961,6.598130828,2.22,319.01,3062.310175,2954.234188,438.3097864,546.3857732,80.21983879,4.396666667,4.985,31,353.8683333,3.327049953,119.1938701,72.68426135,167.427,710608467.4,2524.184667,2685.302837,298.24,281.52,4244.288361
38,2024-02-06 00:00:00,827.7912801,567.1385969,14.14837743,566.3447138,79.12419605,1.612416507,229.7131109,816.2111613,120.3183091,4.600959321,564.7909635,14.06280041,566.3447138,1.95890368,10.32415994,2.185696428,15.43564133,-92.68477207,35.8237164,457.9601597,209.9540103,213.4375292,97412.99348,6.62302819,11.79205972,85.94765186,-0.226163557,453.7938341,49.70595746,11.89014913,93.81,3504.924549,6.613141897,2.19,319.63,3064.507398,2959.253524,440.4171514,545.6710258,80.71111174,4.681666667,5.13,32,354.63,2.558655675,122.5780705,71.9250936,164.698,699025804.5,2519.556677,2685.808205,294.14,277.44,4244.288361
39,2024-02-07 00:00:00,830.8695653,566.8924561,14.27763338,566.0440089,73.06898832,1.85221053,229.9292657,822.9508667,120.5567989,4.954311907,564.5493266,14.19596668,566.0440089,1.96570985,10.37017008,2.192876443,15.57603363,-93.25528606,35.54781731,448.6118997,208.932685,225.7166134,97543.18629,6.738627621,11.81591062,96.32741079,-0.246720434,454.7116885,49.70164498,11.74838103,93.74,3503.011609,6.607008511,2.19,318.81,3062.616831,2955.894264,440.3947789,547.1173457,80.49366051,4.92,5.215,32,354.9233333,1.692700032,122.0557999,72.11232803,164.185,696848484.6,2484.131201,2650.022617,296.89,280.52,4244.288361
40,2024-02-08 00:00:00,822.5126419,566.6821073,14.16333276,566.0100123,80.88570054,3.788180743,229.34611,809.196434,121.0433477,4.834987919,564.3649546,14.08260091,566.0100123,1.945886567,10.23328404,2.172030702,15.40865966,-93.36769268,35.30738831,470.6389654,216.4681165,236.8133171,96359.33263,6.766583695,11.89901865,86.18126397,-0.221336679,457.9099348,49.70731541,12.34583525,93.68,3503.574448,6.611086594,2.17,319.14,3063.88847,2955.968064,439.6859788,547.6063847,80.29233973,4.86,5.375,33,352.8983333,2.985507246,123.6718882,71.65602982,166.809,707985497.2,2551.207154,2723.321044,293.96,277.51,4244.288361
41,2024-02-09 00:00:00,823.1783066,566.8217214,14.13367868,564.9396261,82.9844559,1.872979654,229.3905703,814.1953176,120.9807374,4.570274691,564.3667336,14.05284305,564.9396261,1.947519422,10.27677643,2.173320194,15.39606265,-93.22281705,35.70818726,458.8768113,232.9066258,248.5051868,96951.36009,6.694426341,11.49331203,81.33618164,-0.20722809,442.2971268,49.70552683,11.77167039,93.77,3504.232623,6.612759287,2.17,319.03,3063.635185,2956.882941,440.5974378,547.3496817,80.4965185,4.61,5.225,31,351.49,3.531100478,124.1580476,70.93261955,166.516,706741920.7,2548.378901,2717.691054,294.03,277.33,4244.288361
42,2024-02-10 00:00:00,830.7067846,566.4860916,14.28956054,565.3074112,71.37501446,1.834716802,229.8527454,822.0662053,120.1063843,4.691585501,564.1430003,14.20472236,565.3074112,1.965297813,10.35552013,2.193334237,15.57913295,-93.2115247,35.73626343,459.0883865,229.7232278,259.2572817,96540.63064,6.731685069,11.60750669,79.71898137,-0.205887001,446.6916801,49.71301926,15.57213248,93.77,3501.82085,6.605236784,2.19,318.56,3062.04013,2954.925438,439.7807208,546.8954122,80.41404462,4.668333333,5.26,32,353.9116667,3.404731458,123.1061701,71.69839447,165.458,702251463.6,2507.951372,2674.577553,296.73,280.01,4244.288361
43,2024-02-11 00:00:00,824.9310506,567.1860097,14.54280319,565.8488617,71.91334009,0.975592177,229.4170612,813.3560232,120.3535218,4.816882531,564.9744339,14.46613336,565.8488617,1.951410825,10.2663039,2.178157757,15.80345086,-93.3649114,35.29721959,451.7315847,212.0289217,269.0003555,96643.63532,6.7737217,11.79301643,84.85588874,-0.222170802,453.8306512,49.70904404,12.79297351,93.74,3501.192604,6.597049841,2.18,318.63,3062.45786,2949.388193,438.7347432,551.8044106,79.50910409,4.815,5.365,33,355.0383333,3.186353396,123.1369137,72.01050173,163.921,695727992.4,2495.527072,2662.179509,295.07,278.79,4244.288361
44,2024-02-12 00:00:00,831.5148341,567.0168406,14.37483312,565.8811213,71.22431262,2.155802657,229.8054565,821.4138006,120.1809629,4.817019065,564.7256266,14.29405288,565.8811213,1.966854369,10.3644189,2.195188408,15.6583695,-93.36603732,35.27479617,449.784387,190.22751,278.4419396,97812.60265,6.626002326,11.87241704,93.79233985,-0.242649052,456.8862249,49.70420872,14.72748437,93.76,3502.389288,6.603392791,2.2,319.12,3063.07613,2954.987097,439.3131577,547.4021901,80.25418342,4.806666667,5.285,31,354.5216667,2.756964457,122.6396504,71.67433905,164.946,700078388,2486.162108,2651.623409,297.6,281.59,4244.288361
45,2024-02-13 00:00:00,825.541453,566.8620249,14.18766386,566.3724721,81.57433033,2.877381092,229.4501638,813.4642639,121.1737503,4.929873387,564.627182,14.10543438,566.3724721,1.953333626,10.26058122,2.179638013,15.44374784,-93.31619962,35.40552354,440.0749915,226.4814568,288.1140508,97282.62487,6.717426801,11.93807631,95.08238447,-0.24819853,459.4129908,49.70790704,15.46196589,93.68,3503.811207,6.610640513,2.18,319.55,3064.577743,2956.805261,439.2334638,547.0059455,80.29774949,4.983333333,5.31,29,355.185,1.885824246,122.9119852,71.20898103,168.852,716656578.3,2568.753641,2742.051282,294.8,278.99,4244.288361
46,2024-02-14 00:00:00,820.262825,567.8053754,14.06850537,566.1899134,83.54849164,2.275165242,229.1398821,812.6350555,121.323434,4.845704595,565.3789647,13.98634569,566.1899134,1.940362314,10.22627385,2.166094393,15.33105206,-93.29288695,35.46257687,446.958624,203.9559626,296.9628898,97533.46593,6.672098197,11.91938087,94.12359657,-0.243954581,458.6935341,49.70642263,15.42569529,93.68,3507.459618,6.61856048,2.17,319.92,3065.683703,2960.060709,441.7759147,547.3989089,80.70456619,4.868333333,5.265,31,356.2283333,2.283338663,123.3858239,71.59354999,165.282,701504468.9,2526.578314,2697.030651,293.26,277.65,4244.288361
47,2024-02-15 00:00:00,828.6981888,567.1278559,14.20404961,565.2653987,71.34978024,1.399872855,229.6427428,817.8277283,121.8349458,4.750831505,564.7131068,14.12002707,565.2653987,1.961620058,10.34808071,2.188061794,15.51070531,-93.02611685,36.18267465,464.5292626,187.7398605,305.5009478,98166.39203,6.565727212,11.75518185,97.03650182,-0.244051139,452.3746633,49.69930364,13.99746411,93.76,3504.352556,6.610795337,2.19,319.29,3063.723692,2957.967326,440.628864,546.3852298,80.64435859,4.773333333,5.205,33,357.1016667,2.475310608,124.0338867,71.91193504,166.835,708095848.7,2530.721404,2699.148255,295.59,279.8,4244.288361
48,2024-02-16 00:00:00,821.5243632,567.4303716,14.12771804,566.503184,73.74852069,1.811468884,229.2732693,808.8055369,121.0890881,4.786918084,564.9932264,14.04769262,566.503184,1.944253703,10.24624582,2.169260919,15.40885834,-93.1858938,35.70735876,431.9855567,203.9478929,313.840647,98054.23683,6.636940729,11.4673819,99.08039935,-0.25441339,441.2992575,49.70693568,15.20516883,93.72,3505.895224,6.614916908,2.17,319.63,3065.016404,2958.063965,440.87882,547.8312588,80.47712008,4.713333333,5.165,32,355.2283333,2.583412774,123.390627,71.72567578,166.033,704691929.4,2537.784246,2707.83637,293.27,277.68,4244.288361
49,2024-02-17 00:00:00,831.0933456,567.117101,14.32381623,566.901413,91.6207811,3.534071886,229.7231789,818.3043696,123.6874234,4.593198101,564.8339208,14.24312147,566.901413,1.966686512,10.32716425,2.194028586,15.57062924,-93.21172349,35.56803052,444.8476421,200.0951463,321.801074,99094.60595,6.467172545,11.66535787,102.785233,-0.265499974,448.9179671,49.70345486,17.78167733,93.67,3503.153578,6.605808812,2.19,319.99,3065.336918,2955.238162,437.8166609,547.9154163,79.90588471,4.571666667,4.98,31,358.0283333,2.308417085,125.8270357,71.00341896,170.84,725094223.6,2583.164316,2757.728532,296.49,280.7,4244.288361
50,2024-02-18 00:00:00,825.0967382,566.9354223,14.13406611,566.7689819,87.59717417,2.997000723,229.3792283,813.7529322,123.3814308,4.680347284,564.7846934,14.05038234,566.7689819,1.952234879,10.27608963,2.178081458,15.3988845,-93.11454911,35.86776845,443.2499135,201.0845356,329.0084257,98277.38776,6.547909337,11.85218857,98.92733989,-0.251046556,456.1077727,49.69992058,17.27242637,93.66,3504.528623,6.613100027,2.18,319.84,3065.245568,2958.151892,439.2830548,546.3767313,80.39929772,4.738333333,5.215,33,359.1666667,2.735097227,125.8534508,71.53190061,166.544,706860760.8,2541.476147,2713.512863,294.04,278.13,4244.288361
51,2024-02-19 00:00:00,835.9766871,567.1449051,14.33338298,566.7037252,87.46584988,3.709842036,229.9604772,827.277448,123.6341432,4.504043559,565.0433769,14.24632609,566.7037252,1.978192876,10.40361893,2.206587921,15.60222054,-93.11963193,35.83528606,458.9632993,191.1772618,335.8260688,99115.80588,6.410556235,11.89769602,96.85778904,-0.246719944,457.8590361,49.70018067,17.07071533,93.66,3503.13353,6.605502018,2.2,320.02,3065.1519,2956.140912,437.9816293,546.9926176,80.07084834,4.293333333,5.075,32,362.595,4.44549763,127.7077369,71.04985349,167.428,710612711.7,2531.663799,2703.0363,296.73,280.69,4244.288361
52,2024-02-20 00:00:00,831.3927256,566.8915774,14.21294284,566.6203766,107.256553,5.474422322,229.4880136,815.7148259,125.5068566,4.597227812,564.7784564,14.13210173,566.6203766,1.968655114,10.29680566,2.194722931,15.43655519,-92.91463677,36.44339395,451.5385233,210.350609,342.6590897,98543.87049,6.453309703,11.96115972,96.50894266,-0.24178687,460.3013097,49.69511667,29.12990299,93.61,3503.642034,6.609684208,2.19,320.36,3066.189174,2957.35872,437.4528605,546.2833146,80.07801974,4.468333333,5.05,34,363.0333333,3.302839117,128.5291809,71.27063696,169.469,719275304.3,2576.108679,2751.958849,294.94,279.21,4244.288361
53,2024-02-21 00:00:00,835.5871862,567.824192,14.40982793,566.5362651,86.95736281,2.020866758,229.9179831,826.6054637,123.6705861,4.660590331,565.598245,14.32627149,566.5362651,1.977765605,10.4020739,2.206679508,15.68030453,-92.93609503,36.34596459,470.4029431,219.1556498,349.1687312,98674.11631,6.452398514,11.8873317,91.24954568,-0.232092935,457.4601858,49.69632122,27.50438191,93.73,3504.183259,6.604496928,2.21,319.44,3063.559135,2956.657118,440.6241233,547.5261408,80.47544957,4.67,4.965,32,360.4916667,1.666143709,125.1979498,71.62851932,170.853,725149399.3,2572.820292,2744.927229,297.45,281.85,4244.288361
54,2024-02-22 00:00:00,826.486173,567.2612419,14.13273675,566.4280014,82.12497791,1.281535332,229.2590853,814.3571523,124.3181729,4.901684582,565.4129893,14.05003901,566.4280014,1.955424319,10.29483132,2.181911821,15.40611637,-93.2071041,35.61574499,452.4996089,206.0541292,355.4733284,97835.65743,6.627235781,11.73678694,86.19541993,-0.220002317,451.6667718,49.70325069,29.39661169,93.6,3505.400521,6.614177602,2.18,319.68,3064.877137,2958.742308,440.5233844,546.6582132,80.58479206,4.881666667,5.13,34,360.6133333,1.417247939,125.5982054,71.9551543,166.268,705689337.2,2525.098713,2697.755035,294.99,279.47,4244.288361
55,2024-02-23 00:00:00,833.5815353,566.6865781,14.14071817,566.0001628,74.03407907,2.567540869,229.6049283,821.444547,126.3440066,4.723810017,564.6907145,14.05375854,566.0001628,1.973034834,10.37011278,2.200529526,15.43858198,-93.11893686,35.85624703,449.0853978,194.1558119,362.0462074,99444.02686,6.398434556,11.82327712,99.42782643,-0.247326367,454.9951734,49.69239924,32.99266149,93.57,3503.807429,6.61204181,2.2,320.09,3065.313271,2959.724646,438.4941578,544.0827827,80.59327951,4.716666667,5.07,33,363.4866667,2.008843967,128.2191421,71.18820464,166.197,705387992.7,2504.217526,2676.303865,297.18,281.68,4244.288361
56,2024-02-24 00:00:00,826.5849838,567.2004102,14.15223405,565.2467143,79.90485541,6.105299159,229.1559728,811.849767,123.0865537,4.891924143,565.2197024,14.07029696,565.2467143,1.956629882,10.23488649,2.182476436,15.42801174,-93.14893797,35.77601957,401.2963716,201.73471,368.3900548,98563.17163,6.596806106,11.52434996,101.8651679,-0.259303724,443.4915596,49.69972332,32.67087387,93.65,3505.049886,6.613175419,2.18,320.89,3067.661979,2958.193191,437.3879068,546.8566948,79.98218016,4.876666667,5.15,30,363.065,1.561904762,124.540477,71.61500697,165.49,702387280.9,2521.31266,2692.271928,293.89,278.58,4244.288361
57,2024-02-25 00:00:00,825.3699697,567.3927714,14.05189309,566.2561646,86.44341278,3.064506047,229.0462316,811.1027145,120.724415,5.012328506,565.3923912,13.97123786,566.2561646,1.953577777,10.22853438,2.179523547,15.30975338,-93.21124358,35.60047706,431.1601384,189.8284246,374.9124156,98070.94793,6.659825639,11.42361981,99.99383649,-0.256905762,439.6151613,49.7041987,33.18295414,93.7,3506.535236,6.617962671,2.18,320.85,3067.56997,2960.818238,438.9652659,545.7169988,80.43826138,4.971666667,5.225,27,358.2266667,1.454545455,122.0876793,71.29226333,163.945,695829855.3,2494.550281,2662.273512,293.93,278.94,4244.288361
58,2024-02-26 00:00:00,832.4362793,566.5318209,14.10145558,565.5652161,92.41226991,2.639260223,229.4243714,816.2294235,124.079482,4.948289136,564.5565122,14.01993775,565.5652161,1.970425318,10.29895163,2.198118409,15.36097467,-93.01845074,35.985502,625.2482773,175.5266008,381.5539689,94006.16871,6.620167523,11.9382694,99.95251305,-0.250684317,459.4204212,49.69448254,37.67721573,93.63,3503.783415,6.613192767,2.2,320.86,3067.087618,2960.356341,436.6957967,543.427074,80.35959516,4.973333333,5.205,32,359.5533333,1.32844855,125.3027105,71.51526148,168.141,713638889.3,2544.983736,2718.128523,295.63,280.41,4244.288361
59,2024-02-27 00:00:00,834.1221746,567.1117452,14.09669905,565.5902786,99.36655649,0.793785782,229.5018581,819.8912837,122.9494979,5.114664773,564.8920937,14.01129651,565.5902786,1.974240422,10.35325948,2.202521021,15.36598162,-93.00727452,36.00132481,431.2355945,188.2843386,387.4675531,96808.30539,6.731932569,12.00866331,98.39005365,-0.249703517,462.1293903,49.69438156,16.61599508,93.68,3505.358202,6.615210734,2.2,320.75,3066.834222,2961.464599,438.5239803,543.8936031,80.62679497,5.236666667,5.255,31,357.3733333,0.105465005,123.0464724,71.79718347,169.923,721202211.2,2564.912907,2737.951438,296.54,281.18,4244.288361
60,2024-02-28 00:00:00,832.7560247,567.8072128,14.20507487,566.2695999,95.60324478,0.597399366,229.4961837,820.6909815,122.690398,4.825935264,565.5687218,14.11968378,566.2695999,1.970379521,10.34707908,2.198499913,15.45717899,-93.13527881,35.67775544,440.2607785,173.5892469,393.4752498,97704.83526,6.648936833,11.82820944,94.58445703,-0.247334466,455.184984,49.703589,5.965636383,93.64,3506.134869,6.612884964,2.2,320.26,3065.705126,2960.187376,440.4297432,545.9474927,80.67254618,5.008333333,5.145,31,356.0466667,0.780704538,123.406229,71.57139619,167.427,710608467.4,2524.63306,2696.105361,296.76,281.47,4244.288361
61,2024-02-29 00:00:00,827.1924973,567.8259862,14.15285994,566.7788518,94.44157728,2.080215305,229.2174648,816.4085719,122.1806168,5.02525562,565.8497365,14.06863757,566.7788518,1.957789674,10.28784966,2.184178,15.38465822,-93.12908607,35.72689589,457.3845898,171.8181902,399.5407343,97063.68676,6.741884067,11.83032309,86.96792046,-0.226332037,455.2663233,49.71121044,4.086280614,93.68,3506.692889,6.615111065,2.19,320.5,3066.511569,2960.33381,440.1813202,546.3590784,80.56630476,5.006666667,5.21,31,353.8083333,1.166347992,123.2441001,71.42449851,167.174,709534662.5,2539.675934,2711.011885,295.03,279.38,4244.288361
62,,,,,,,,,,,,,,,,,,,,,,,,,,,,,,,,,,,,,,,,,,,,,,,,,,,,,,,
63,2024-03-01 00:00:00,838.243955,567.1931915,14.20613588,566.8119151,94.5728302,5.037518377,229.7996381,821.6824748,123.8239528,5.044751783,565.3198954,14.11922578,566.8119151,1.984602243,10.39077167,2.213500887,15.45217224,-92.98950868,36.09606051,343.6734144,168.4440998,405.7732069,98061.6865,6.60489909,11.81506596,97.87287064,-0.245970061,454.6791832,49.69841449,10.99311687,93.69,3504.504591,6.610913976,2.21,321.3,3067.848705,2960.175762,436.6558861,544.3288291,80.21913644,4.99,5.12,33,357,0.741444867,124.4973623,71.76007336,169.89,725770080,2569.461446,2742.514085,298.12,282.46,4272
64,2024-03-02 00:00:00,825.5095011,566.9980825,13.94677773,565.6225001,94.91542308,6.09567239,228.9667552,813.0985743,123.0961153,5.005585531,564.9681765,13.86084775,565.6225001,1.954401841,10.23889216,2.179447268,15.19197134,-93.2901055,35.29795782,362.4604717,182.9279371,411.3039824,97702.35299,6.698034594,11.7696369,96.71994804,-0.247886137,452.9309368,49.70610702,8.631044684,93.59,3506.521457,6.621135077,2.18,320.99,3067.891986,2962.560612,438.6294708,543.9608443,80.6362214,4.97,5.3,30,358.84,1.903846154,124.8685221,71.15055281,168.815,721177680,2587.370143,2764.579702,294.05,278.73,4272
65,2024-03-03 00:00:00,826.7419688,567.0589498,13.9245446,566.0995026,92.74251048,4.995040728,229.0878566,813.157224,121.8924056,5.022747238,565.0505091,13.8376139,566.0995026,1.956370453,10.26009472,2.182796935,15.17782485,-93.08375258,35.89951547,300.0387356,172.1669594,416.9867547,98409.91922,6.615727127,11.39742701,102.0545181,-0.258444139,438.6071835,49.70205084,11.3547496,93.69,3506.898175,6.622261232,2.18,321.05,3068.029979,2963.17967,438.8681959,543.7185056,80.71606748,4.92,5.34,33,357.67,2.429305913,124.0518741,71.95556285,164.581,703090032,2524.107097,2694.105131,294.12,278.55,4272
66,2024-03-04 00:00:00,826.140269,567.3345693,13.98492559,566.7519506,105.9963118,2.578488195,229.1323233,815.9031118,120.9130146,4.89356333,565.4890429,13.89632833,566.7519506,1.955378547,10.27030965,2.181370084,15.21323089,-93.08770932,35.89232858,352.0046485,180.7958476,422.6002333,98592.52705,6.606629159,11.30452533,101.3736774,-0.25375097,435.0320484,49.70108557,13.58136676,93.76,3507.034504,6.620585349,2.18,321.5,3069.064678,2962.258525,437.9698254,544.7759784,80.39448191,4.92,5.27,32,352.93,2.015355086,122.7049275,71.73684993,166.532,711424704,2554.487268,2724.495806,294.07,278.5,4272
67,2024-03-05 00:00:00,836.816747,567.492143,14.1220734,566.7296117,111.4935471,6.61606822,229.7126446,820.6577225,122.5177708,4.500460943,565.4290962,14.03510284,566.7296117,1.980695585,10.37972689,2.20884646,15.31956828,-93.12489732,35.7565461,324.6025178,173.0959031,428.0936677,99917.86179,6.433849142,11.37925212,102.4238318,-0.25940739,437.9077592,49.70161707,12.98806036,93.78,3506.113025,6.615345603,2.21,321.61,3068.56287,2962.611088,437.5501552,543.5019373,80.50572135,4.74,5.11,33,352.29,2.108929702,124.4056376,71.37222036,167.113,713906736,2527.371884,2695.000942,297.9,282.47,4272
68,2024-03-06 00:00:00,822.6608785,567.5342356,13.93401008,565.8641637,78.76425083,3.260570284,240.3901904,830.9863968,122.6105648,5.062310755,565.5812492,13.8398457,565.8641637,1.945520302,10.45944365,2.171343992,15.26790953,-93.13895437,35.75937335,306.2315488,196.3223227,433.3875316,97520.43604,6.717314479,11.3950918,103.6202859,-0.257046717,438.5173177,49.69572066,16.03969137,93.66,3508.055001,6.62334894,2.17,319.67,3065.108457,2962.689374,442.9465445,545.3656274,81.22010671,5.02,5.01,33,355.83,-0.056639396,122.5598099,72.25790356,161.892,691602624,2472.923889,2640.320189,294.32,279.67,4272
69,2024-03-07 00:00:00,822.1405818,567.7642377,14.07568782,566.5435257,75.46328147,1.545189838,248.6208334,840.9266713,122.3201152,4.990547478,566.0090485,13.97696046,566.5435257,1.944787825,10.58585699,2.171099817,15.46011972,-93.01648045,35.95516205,341.8598344,157.2484308,439.086519,98318.21147,6.614564295,11.41989691,102.4993459,-0.2583189,439.4718929,49.69809206,18.01796357,93.66,3507.281433,6.618131874,2.18,317.46,3059.759101,2960.911112,447.5223324,546.3703209,81.90824342,5.14,5.18,34,356.28,0.229007634,122.5223751,72.53246399,164.688,703547136,2578.512501,2753.056269,296.52,272.85,4272
70,2024-03-08 00:00:00,813.3185755,568.0909309,13.92189216,566.6025314,72.86345482,1.920026943,248.0355476,833.4251938,121.9172881,5.04555891,566.0887032,13.82599692,566.6025314,1.922995935,10.46362094,2.147499581,15.27879763,-93.24843078,35.15419952,389.0135619,155.4721005,443.4727828,98506.90108,6.602276541,11.72486425,105.0091271,-0.270680828,451.2079508,49.70129193,14.00928005,93.65,3509.635111,6.625597638,2.15,317.98,3061.729814,2961.734267,447.9052973,547.9008439,81.74933518,4.95,5.24,31,356.01,1.666666667,123.4325762,71.56008239,163.073,696647856,2492.122258,2661.102251,294.16,279.54,4272
71,2024-03-09 00:00:00,825.2914607,567.88237,14.21797963,566.639211,78.60650396,1.848413309,248.772762,847.3738149,123.580629,5.009112298,566.0421575,14.124891,566.639211,1.95191445,10.61286775,2.179210732,15.58918655,-93.23102946,35.26920994,458.1913093,151.0254951,448.1284886,97985.39712,6.608626655,11.76477334,98.17262021,-0.250864879,452.7437726,49.70032914,6.593815107,93.61,3506.207415,6.612586007,2.18,317.38,3059.574453,2957.870345,446.632962,548.3370702,81.45226473,4.88,5.08,30,358.04,1.137800253,124.6453897,71.14821678,164.966,704734752,2491.461331,2661.533309,298.19,282.86,4272
72,2024-03-10 00:00:00,811.9408086,568.5689163,13.88909092,566.0789846,67.13527075,1.388124268,247.9613714,833.5565364,126.022826,4.998705963,566.5004222,13.79463661,566.0789846,1.920096452,10.46651113,2.1440202,15.28046656,-93.37757746,35.56223035,355.8896573,158.8612577,452.695324,98559.52647,6.552858373,11.33989091,104.1697809,-0.260617186,436.3930219,49.69148356,10.48493628,93.54,3511.207848,6.628469548,2.14,317.84,3061.664366,2962.208075,449.543482,548.999773,81.88409252,4.95,4.76,33,359.44,-1.059479554,125.0372682,71.80576272,161.142,688398624,2468.528791,2639.008757,294.05,278.87,4272
73,2024-03-11 00:00:00,819.2076823,569.0406062,14.17779909,566.0109584,58.1945858,0.175201004,248.514617,845.169604,121.4512072,5.085805456,566.8870735,14.08414618,566.0109584,1.936287756,10.57950485,2.162615031,15.60166411,-93.48442178,35.23941127,385.841581,144.1073688,456.9683968,98769.29686,6.651034381,11.69303422,112.8498778,-0.289162274,449.9830359,49.69716241,8.101689906,93.65,3509.651025,6.617878721,2.17,317.36,3059.786465,2959.686868,449.8645596,549.964157,81.79888705,5.12,5.12,30,357.8,0,121.4512072,72.10152312,161.323,689171856,2472.010675,2639.626988,297.24,278.79,4272
74,2024-03-12 00:00:00,812.5599569,568.162543,14.02598826,566.7062988,77.36784712,1.420286948,248.0280183,832.070666,122.4615424,5.024125596,566.2014796,13.92688731,566.7062988,1.921469872,10.45312003,2.145332615,15.38414141,-93.62361871,34.81705618,382.448331,156.738626,461.6603251,98743.4761,6.6041414,11.6057265,112.4775054,-0.281646796,446.6231728,49.6920313,9.811657761,93.68,3508.812681,6.621454565,2.15,317.78,3061.269411,2959.462383,447.5432704,549.3502983,81.46773958,5,5.09,33,356.88,0.512333966,122.9198843,72.23666659,163.307,697647504,2477.529401,2644.672717,295.04,281.59,4272
75,2024-03-13 00:00:00,827.4017944,568.2976888,14.30782387,566.0046946,75.30955203,0.805051522,248.9733744,850.147377,121.8184625,4.923080822,566.331262,14.21502324,566.0046946,1.956690942,10.66099556,2.184277182,15.68447669,-93.39736366,35.50236241,401.0536564,149.2610671,466.6807496,99245.61337,6.533229692,11.67635502,111.5162683,-0.279648179,449.3411703,49.6899111,10.66978613,93.71,3506.428864,6.610177546,2.19,317.1,3058.669268,2957.628905,447.7595952,548.7999584,81.58885369,4.93,5.14,31,354.11,1.199238579,122.9075925,71.55532403,164.595,703149840,2520.340657,2689.510893,300.04,278.99,4272
76,2024-03-14 00:00:00,815.1672897,568.8078779,14.14321566,567.4689382,81.52200063,1.716780501,248.1707252,836.2638372,121.4616801,4.885466735,566.7760824,14.04923777,567.4689382,1.927909787,10.48153301,2.152619446,15.47406729,-93.31805415,35.78824981,351.4495047,153.1455512,471.2403617,98976.38074,6.580048135,11.6290765,112.5603128,-0.282431586,447.5217509,49.68698454,12.29089019,93.73,3509.373337,6.618585878,2.15,317.75,3061.200342,2957.891561,448.1729952,551.4817768,81.26705434,4.98,5.2,33,353.47,1.261146497,122.5773115,72.04814445,162.11,692533920,2494.269476,2661.121814,295.03,277.65,4272
77,2024-03-15 00:00:00,850.3331146,567.7123311,14.83730502,566.8612086,75.58542681,2.280261895,250.2265142,874.2812271,123.244045,4.789923141,565.86048,14.745628,566.8612086,2.011994685,10.91991711,2.244578749,16.22224339,-93.25962347,35.8981026,387.9306418,145.2670443,475.7720974,99975.45024,6.411077901,11.87284744,112.065047,-0.2816824,456.9027882,49.687523,13.78098722,93.74,3499.705286,6.58680337,2.24,316.33,3055.586094,2950.1483,444.119192,549.5569852,80.8140382,4.89,5.07,33,353.18,1.023373342,124.1675785,71.52614825,170.434,728094048,2602.194596,2775.970339,306.58,279.8,4272
78,2024-03-16 00:00:00,817.0334193,568.8105698,14.19048333,565.9285482,65.1307617,0.29776237,248.3682369,840.6490758,123.3598106,5.049507817,566.7053808,14.10165723,565.9285482,1.931938529,10.53103395,2.156838958,15.57543747,-93.63582102,34.72603416,422.9996674,161.2508323,479.5865025,98345.22152,6.633653201,11.50778745,104.3643177,-0.261653275,442.8541844,49.69723784,13.07254096,93.62,3508.921957,6.616633299,2.15,317.47,3060.555605,2956.823424,448.3663522,552.0985332,81.21129205,4.93,4.9,33,350.84,-0.16875,123.2073284,71.61863567,165.302,706170144,2543.107692,2716.414967,297.05,277.68,4272
79,2024-03-17 00:00:00,833.3169988,568.1088511,14.37660938,566.944458,84.44605287,1.733819824,249.4475934,856.1061071,122.3690169,5.003747781,566.1137759,14.27951753,566.944458,1.972058162,10.71083999,2.199919124,15.73490377,-93.44488287,35.29870049,400.1557369,146.0765753,484.5535656,99406.45135,6.483477472,11.77501421,111.1731894,-0.278466212,453.137872,49.69378583,21.89118646,93.73,3505.260043,6.606755105,2.19,317.25,3059.015822,2955.755652,446.2442202,549.5043903,81.20849043,5.13,4.78,33,350.38,-1.954094293,120.6226621,72.3918766,167.194,714252768,2544.541389,2714.75663,303.05,280.7,4272
80,2024-03-18 00:00:00,818.3559875,568.6279691,14.06309899,566.3715744,81.78371859,0.171347374,248.4650402,843.2615509,123.135566,4.912984927,566.6418228,13.96545788,566.3715744,1.93523479,10.56242267,2.160928771,15.43313785,-93.32517385,35.7038219,425.5870445,154.1398087,488.4675913,99607.8285,6.458409271,11.56298812,113.4770204,-0.283901002,444.9784717,49.69010907,23.09712374,93.66,3509.676744,6.621358868,2.16,317.69,3060.804942,2960.505077,448.8718021,549.1716677,81.73615439,4.97,5.11,32,350.72,0.797973401,123.8628036,71.17758421,165.943,708908496,2521.998278,2692.716505,296.53,281.09,4272
81,2024-03-19 00:00:00,824.5241241,569.0862528,14.1996149,566.7189738,75.35140133,0.968993832,248.8166612,848.0001984,124.6605262,4.744150658,567.0016365,14.10056996,566.7189738,1.95003738,10.63186725,2.176830108,15.57007313,-93.35948065,35.52770321,451.9987589,157.9289851,490.2867643,99081.2591,6.497934589,11.31529364,103.8217665,-0.253707316,435.4464452,49.65164668,22.94257236,93.66,3509.559856,6.617117741,2.18,317.62,3060.128351,2960.354557,449.4315054,549.2052992,81.83306062,4.75,4.99,34,350.98,1.357636706,125.8913668,71.01035813,169.3,723249600,2548.268621,2720.76513,299.5,283.82,4272
82,2024-03-20 00:00:00,814.3940862,569.0477638,14.06309909,566.6669515,72.6123395,0.489922223,248.2017031,838.7871933,125.0755926,4.945507606,566.9291306,13.96803327,566.6669515,1.925513918,10.50293589,2.150147274,15.43699229,-93.35277473,35.58314665,472.4622877,154.9120691,477.2716881,95918.88037,6.592375157,11.7506918,94.99625821,-0.238312132,452.2018727,49.68898853,18.35819485,93.61,3510.780883,6.622670213,2.15,317.9,3061.545663,2960.128595,449.2352199,550.6522882,81.58237594,4.93,4.88,31,353.98,-0.280898876,124.8113353,70.95444444,163.587,698843664,2501.4986,2672.255742,295.15,279.37,4272
83,2024-03-21 00:00:00,835.5144958,568.7461637,14.46715701,565.6717911,72.7587676,1.459502885,249.4779059,861.0670293,124.3825872,4.905757705,566.6472295,14.3709085,565.6717911,1.976468434,10.7767361,2.205641771,15.85407619,-93.2491764,35.88157201,435.4135884,141.0633542,462.0541446,97753.17797,6.512058718,11.53700441,93.69257741,-0.242539851,443.9785409,49.70006135,20.82433301,93.73,3506.063991,6.605049774,2.21,317.05,3058.035414,2956.959899,448.0285767,549.1040913,81.59264952,4.99,4.77,32,352.58,-1.227526348,123.2485666,71.53641318,167.958,717516576,2496.317629,2663.306976,303.06,287.43,4272
84,2024-03-22 00:00:00,817.2979279,567.950442,14.00657458,565.5115331,74.67542648,2.222002376,248.2890069,838.6215439,125.7076369,4.964668492,566.0296389,13.91115006,565.5115331,1.932869414,10.52370906,2.157441745,15.3873208,-93.17917214,36.12338471,463.097633,155.1103258,453.4811431,97131.63758,6.648005998,11.55670262,87.77889053,-0.222198046,444.736587,49.70397573,30.21587785,93.6,3508.443498,6.62160408,2.16,317.73,3060.897105,2960.639573,447.5463931,547.8039254,81.6982815,4.92,4.82,33,361.15,-0.559701493,125.1887509,71.90652115,164.498,702735456,2512.910624,2684.733573,294.97,279.65,4272
85,2024-03-23 00:00:00,836.0871379,568.713899,14.40504143,566.0628153,66.85263046,0.097150013,249.5670401,863.8692551,125.1494589,4.949953258,566.7089551,14.30441109,566.0628153,1.977368792,10.80131503,2.206694747,15.84287028,-93.13248062,36.24558234,461.8123127,154.8163078,450.2181327,98291.43175,6.519586681,11.93469281,98.54749554,-0.242090379,459.2827836,49.6945857,30.06389935,93.57,3506.58282,6.607489519,2.21,317.14,3058.243668,2958.296902,448.3391516,548.2859183,81.77104986,5.01,4.94,33,360.58,-0.394736842,124.785711,71.98067311,167.397,715119984,2488.066189,2659.04263,302.8,287.42,4272
86,2024-03-24 00:00:00,815.152743,569.3709056,13.9797339,565.0623245,67.54000409,0.005893414,248.3500112,845.5132319,128.6905665,4.892321507,567.1842092,13.87853074,565.0623245,1.926414256,10.56671472,2.151726748,15.41926956,-93.15822728,36.1089325,458.2023899,155.4144244,451.6066253,98273.13296,6.506896731,11.75490275,98.82205373,-0.242602733,452.3639223,49.68583162,32.59426043,93.65,3512.436312,6.627162381,2.15,317.94,3061.63774,2962.593304,450.7985714,549.8430077,81.98677898,4.09,4.82,35,360.31,4.085820896,132.5185953,70.02287194,165.3,706161600,2528.417058,2699.858043,294.68,279.29,4272
87,2024-03-25 00:00:00,828.799914,568.2350311,14.27982694,566.0959574,62.18617709,0.218500044,249.214688,855.4225667,125.6457377,4.983792067,566.1388283,14.17971444,566.0959574,1.960078731,10.71155536,2.187901542,15.73037366,-93.18129163,36.1371429,446.145016,151.2428663,456.6274857,97471.90369,6.643285199,11.77420267,95.69311089,-0.236908409,453.1066413,49.69215052,25.83845124,93.53,3506.535896,6.611135394,2.19,317.09,3058.646163,2958.153643,447.8897331,548.3822533,81.67473152,4.97,4.84,34,360.12,-0.728518057,124.978082,72.10288178,167.23,714406560,2508.978577,2682.53884,300.2,284.74,4272
88,2024-03-26 00:00:00,815.5829722,569.2473729,14.03852944,566.0923843,71.66801325,1.093641394,248.4129016,840.1136449,124.3199902,5.01985385,567.1367734,13.93455557,566.0923843,1.928703313,10.53707127,2.153237507,15.40536153,-93.24134488,35.99555254,437.7624743,146.9966277,461.2589723,99445.68826,6.515252074,11.60544266,116.6252642,-0.289823237,446.6122499,49.68237793,26.49201981,93.67,3511.543425,6.624318552,2.15,318.14,3062.098071,2961.032462,449.4453544,550.5109637,81.6414902,5.18,4.9,33,358.66,-1.575,122.8817004,72.40014114,163.69,699283680,2498.244722,2667.07027,294.97,279.91,4272
89,2024-03-27 00:00:00,821.9807027,568.7953517,14.21505299,566.501447,63.79864764,0.572560698,248.8826402,845.5059052,124.1935403,5.020176649,566.6418279,14.11722294,566.501447,1.944207922,10.60808953,2.170207093,15.61310871,-93.31944487,35.71966958,440.6418574,147.8485926,467.046076,98252.33529,6.600902146,11.67747712,103.4376287,-0.261816641,449.3843519,49.68723578,19.55867398,93.63,3508.64345,6.615568268,2.18,317.67,3060.243729,2959.504651,448.3997215,549.1387997,81.65507914,5.05,4.91,31,358.32,-0.787992495,123.4591822,71.75266339,164.97,704751840,2486.160229,2655.303032,298.59,283.47,4272
90,2024-03-28 00:00:00,813.4290466,568.9842415,14.05337126,564.8394725,58.83743127,0.020367307,248.2617642,837.6129328,126.2235888,4.993068298,566.8306936,13.95733182,564.8394725,1.92317906,10.51749976,2.147903974,15.47967021,-93.52503618,35.08852371,459.6745714,146.7548122,473.4056571,95875.90297,6.78823876,11.37324696,81.413898,-0.204405536,437.6766629,49.70349847,20.01889874,93.46,3510.708024,6.622877698,2.15,317.62,3060.901022,2960.242336,449.8070018,550.4656882,81.71390361,5.15,4.91,32,361.87,-1.350844278,124.9507748,71.82199811,162.01,692106720,2472.427821,2645.439569,294.96,279.93,4272
91,2024-03-29 00:00:00,824.1375046,569.0961138,14.24415858,564.2416255,67.39645616,0.116475804,248.9416288,851.1955744,126.8938469,4.985331833,567.0240237,14.14560703,564.2416255,1.948541875,10.67018044,2.175769508,15.65244881,-93.37522634,35.51319679,456.9964834,200.3282363,478.7842178,97201.13597,6.652443914,11.92314548,95.83427525,-0.241595644,458.8384073,49.6909394,20.97933981,93.55,3509.154065,6.615306565,2.18,317.66,3060.220654,2959.361156,448.9334117,549.7929092,81.65500212,4.87,4.77,33,359.34,-0.557966522,126.3699507,71.3887508,161.94,691807680,2440.066591,2608.302075,298.69,283.52,4272
92,2024-03-30 00:00:00,815.9375661,568.7514763,14.21812863,565.2144826,54.37084389,0.17442643,248.3950644,842.2409744,128.9061164,5.008876403,566.6829872,14.11962644,565.2144826,1.928840647,10.54725774,2.153672422,15.6653235,-93.24692408,35.88869007,451.4230008,149.8234897,484.5149004,96291.77592,6.749415657,11.81451216,96.79244316,-0.238560062,454.6578715,49.68464139,29.83352774,93.38,3508.497935,6.615303616,2.15,317.55,3060.739834,2956.09652,447.758101,552.4014151,81.05665349,4.95,4.97,33,361.03,0.11299435,129.0144849,70.72996832,162.18,692832960,2478.918602,2654.656888,294.97,279.49,4272
93,2024-03-31 00:00:00,829.5731049,568.8920314,14.31691982,565.211703,58.22409201,0.187419401,249.2652089,856.5530345,129.9701078,4.713006377,566.7170245,14.21817056,565.211703,1.961330096,10.73676356,2.189900666,15.78286672,-93.09827333,36.31054235,471.2107247,148.761477,490.040992,98132.30301,6.395353307,11.9033533,102.4841286,-0.250912574,458.0767451,49.68044027,33.98149144,93.4,3507.909678,6.611667238,2.19,317.18,3058.854104,2958.44509,449.0555738,549.4645875,81.72602639,4.73,5.23,30,359.22,2.871729419,132.8409788,68.76223232,167.61,716029920,2516.358882,2694.174392,297.2,284.55,4272
,,,,,,,,,,,,,,,,,,,,,,,,,,,,,,,,,,,,,,,,,,,,,,,,,,,,,,,
